continent,life_expectancy_at_birth_total_(years),health_expenditure_and_financing_(per_capita)_(oecdstat_(2017))
Africa,62.53107925697609,
Antarctica,,
Asia,73.63440190529337,2399.3002666666666
Europe,78.70594076676802,3623.1042083333336
North America,75.59349638840249,4653.3697
Oceania,72.88710168691782,3674.0938
South America,74.46475092569987,1595.5279
Unknown,64.33875127684954,2181.1890347996855
