,year,life_expectancy_at_birth_total_(years),health_expenditure_and_financing_(per_capita)_(oecdstat_(2017)),population_(historical_estimates)
count,56629.0,12845.0,1306.0,55656.0
mean,1610.5419131540377,64.45934739118422,2215.7043397396633,32463522.11076973
std,1405.286305115818,11.346860024138056,1391.9323706631942,250302771.62740684
min,-10000.0,18.90699958801269,54.4368,1.0
25%,1833.0,56.74332046508789,1161.053,133874.0
50%,1902.0,67.54875946044922,1938.89965,1218570.5
75%,1967.0,72.96600341796875,2952.064475,5396250.25
max,2021.0,85.38780212402344,8714.8975,7874965730.0
