,year,life_expectancy_at_birth_total_(years),population_(historical_estimates)
count,56629.0,12845.0,55656.0
mean,1610.5419131540377,64.45934739118422,32463522.11076973
std,1405.286305115818,11.346860024138056,250302771.62740684
min,-10000.0,18.90699958801269,1.0
25%,1833.0,56.74332046508789,133874.0
50%,1902.0,67.54875946044922,1218570.5
75%,1967.0,72.96600341796875,5396250.25
max,2021.0,85.38780212402344,7874965730.0
